{"meta":{"means":[-2.0,2.0],"variance":[0.1,0.1],"weights":[0.8,0.2],"blue":"#8ECAE6","green":"#B5E4B0","blue_idx":0,"line_color":"#0d0d0d","panel_bg":[0.9698,0.9751,0.98431],"dot_face":"#ecfaea","dot_edge":"#459d4c","frame":3.91789,"x_curve_max":3.5261,"ylim":[-0.317332,1.586661],"color_flow_steps":80,"a1":3.0,"a0_hat":1.61864,"a1_hat":2.0},"noise":{"ts":[1.0,0.583333,0.166667,-0.0],"xs":[3.0,1.750029,1.336171,1.618645]},"denoise":{"ts":[0.0,0.138889,0.277778,0.416667,0.555556,0.694444,0.833333,0.972222,1.0],"xs":[1.618645,1.227166,0.958798,0.899051,1.11123,1.388892,1.666669,1.944447,2.000002]}}